Org_Identifier,Org_FormalName,Project_Identifier,Location_Identifier,Location_Name,Location_Type,Location_State,Location_HUCEightDigitCode,Location_HUCTwelveDigitCode,Location_TribalLand,Location_Latitude,Location_Longitude,Activity_ActivityIdentifier,Activity_TypeCode,Activity_Media,Activity_MediaSubdivision,ActivityBiological_AssemblageSampled,Activity_StartDate,Activity_StartTime,Activity_StartTimeZone,Activity_DepthHeightMeasure,Activity_DepthHeightMeasureUnit,SampleCollectionMethod_Name,Result_ResultDetectionCondition,Result_Characteristic,Result_MethodSpeciation,Result_SampleFraction,ResultBiological_Intent,ResultBiological_Taxon,ResultDepthHeight_MeasureValue,ResultDepthHeight_MeasureUnit,Result_MeasureIdentifier,Result_MeasureValue,Result_MeasureUnit,Result_MeasureQualifierCode,Result_MeasureStatusIdentifier,Result_StatisticalBase,Result_MeasureValueType,DataQuality_ResultCommentText,DetectionLimit_TypeA,DetectionLimit_MeasureValueA,DetectionLimit_MeasureUnitA,DetectionLimit_CommentTextA,DetectionLimit_TypeB,DetectionLimit_MeasureValueB,DetectionLimit_MeasureUnitB,DetectionLimit_CommentTextB,ResultAnalyticalMethod_Identifier,ResultAnalyticalMethod_IdentifierContext,ResultAnalyticalMethod_Name,ResultAnalyticalMethod_Url,LabInfo_AnalysisStartDate,LabInfo_AnalysisStartTime,LabInfo_AnalysisStartTimeZone,Result_DetectionLimitProfileDownload,Result_LabSamplePrepProfileDownload,ProviderName,Result_CharacteristicComparable,Result_CharacteristicGroup,Org_Type,LastChangeDate,USGSpcode
USGS,U.S. Geological Survey,"['NAWQA - National Water-Quality Assessment', '00GUMQW00']",USGS-09380000,"COLORADO RIVER AT LEES FERRY, AZ",Stream,Arizona,14070006,140700061105,,36.8643333333333,-111.587872222222,570de22d-de77-483e-b1d6-d12b82bd18ec,"Sample - Routine, regular",Water,Surface water,,2020-02-18,13:00:00,MST,,,EDI,,Magnesium,,Filtered field and/or lab,,,,,02d80a65-6a27-45cd-8df0-8af7f1119655,20.0,mg/L,,Accepted,,Actual,,,,,,Detection limit by DQCALC,0.01,mg/L,Quantitation limit value of the specified type,PLA11,USDOI/USGS,"Metals, wf, ICP-AES (NWQL)",,2020-02-26,,,,,USGS,,"Inorganics, Major, Metals",,2024-03-25,00925
USGS,U.S. Geological Survey,"['NAWQA - National Water-Quality Assessment', 'ZF00GUMQW']",USGS-09380000,"COLORADO RIVER AT LEES FERRY, AZ",Stream,Arizona,14070006,140700061105,,36.8643333333333,-111.587872222222,de35cb79-762d-47cf-98d7-30c1f6839cba,"Sample - Routine, regular",Water,Surface water,,2022-02-22,13:00:00,MST,,,EDI,,Magnesium,,Filtered field and/or lab,,,,,0663dc32-8fd2-4a95-ab20-9c49d62bbf3d,25.0,mg/L,,Accepted,,Actual,,,,,,Detection limit by DQCALC,0.01,mg/L,Quantitation limit value of the specified type,PLA11,USDOI/USGS,"Metals, wf, ICP-AES (NWQL)",,2022-03-08,,,,,USGS,,"Inorganics, Major, Metals",,2024-03-25,00925
USGS,U.S. Geological Survey,"['NAWQA - National Water-Quality Assessment', '00UFD3100']",USGS-09380000,"COLORADO RIVER AT LEES FERRY, AZ",Stream,Arizona,14070006,140700061105,,36.8643333333333,-111.587872222222,eb22fe7f-b9e1-4e5c-8710-54a9c9d05b4d,"Sample - Routine, regular",Water,Surface water,,2023-03-28,12:00:00,MST,,,EDI,,Magnesium,,Filtered field and/or lab,,,,,0acca4e0-9c87-4d5b-a4e3-4310f939d28b,25.9,mg/L,,Accepted,,Actual,,,,,,Detection limit by DQCALC,0.01,mg/L,Quantitation limit value of the specified type,PLA11,USDOI/USGS,"Metals, wf, ICP-AES (NWQL)",,2023-04-27,,,,,USGS,,"Inorganics, Major, Metals",,2024-03-25,00925
USGS,U.S. Geological Survey,"['NAWQA - National Water-Quality Assessment', '00GUMQW00']",USGS-09380000,"COLORADO RIVER AT LEES FERRY, AZ",Stream,Arizona,14070006,140700061105,,36.8643333333333,-111.587872222222,8000b8b5-3d50-4ee8-99eb-76573402036e,"Sample - Routine, regular",Water,Surface water,,2018-04-24,13:00:00,MST,,,EDI,,Magnesium,,Filtered field and/or lab,,,,,1623e01d-0225-41a2-88d0-560d3ee2a256,22.3,mg/L,,Accepted,,Actual,,,,,,Detection limit by DQCALC,0.011,mg/L,Quantitation limit value of the specified type,PLA11,USDOI/USGS,"Metals, wf, ICP-AES (NWQL)",,2018-06-15,,,,,USGS,,"Inorganics, Major, Metals",,2024-03-25,00925
USGS,U.S. Geological Survey,"['NAWQA - National Water-Quality Assessment', 'ZF00GUMQW']",USGS-09380000,"COLORADO RIVER AT LEES FERRY, AZ",Stream,Arizona,14070006,140700061105,,36.8643333333333,-111.587872222222,a283ed8e-e20a-483a-bfc8-9d73c607cd7b,"Sample - Routine, regular",Water,Surface water,,2021-02-25,11:45:00,MST,,,EDI,,Magnesium,,Filtered field and/or lab,,,,,173e68d4-58a3-4897-97a8-4bfa948b2c5e,21.4,mg/L,,Accepted,,Actual,,,,,,Detection limit by DQCALC,0.01,mg/L,Quantitation limit value of the specified type,PLA11,USDOI/USGS,"Metals, wf, ICP-AES (NWQL)",,2021-03-19,,,,,USGS,,"Inorganics, Major, Metals",,2024-03-25,00925
USGS,U.S. Geological Survey,"['NAWQA - National Water-Quality Assessment', '00UFD3100']",USGS-09380000,"COLORADO RIVER AT LEES FERRY, AZ",Stream,Arizona,14070006,140700061105,,36.8643333333333,-111.587872222222,e62b0ffa-f3d2-49e1-83f8-3f2ad2fc38a2,"Sample - Routine, regular",Water,Surface water,,2023-02-07,11:45:00,MST,,,EDI,,Magnesium,,Filtered field and/or lab,,,,,1b50e736-c9fd-4d24-9690-874fe9c5fd01,24.3,mg/L,,Accepted,,Actual,,,,,,Detection limit by DQCALC,0.01,mg/L,Quantitation limit value of the specified type,PLA11,USDOI/USGS,"Metals, wf, ICP-AES (NWQL)",,2023-02-22,,,,,USGS,,"Inorganics, Major, Metals",,2024-03-25,00925
USGS,U.S. Geological Survey,"['NAWQA - National Water-Quality Assessment', '00GCB0000']",USGS-09380000,"COLORADO RIVER AT LEES FERRY, AZ",Stream,Arizona,14070006,140700061105,,36.8643333333333,-111.587872222222,ae8f6d68-624e-4383-ab81-cf89d3642dc7,"Sample - Routine, regular",Water,Surface water,,2020-04-14,12:15:00,MST,,,EDI,,Magnesium,,Filtered field and/or lab,,,,,1fb2a3e7-01b1-47b8-92a7-4baa01d8f05f,21.2,mg/L,,Accepted,,Actual,,,,,,Detection limit by DQCALC,0.01,mg/L,Quantitation limit value of the specified type,PLA11,USDOI/USGS,"Metals, wf, ICP-AES (NWQL)",,2020-04-22,,,,,USGS,,"Inorganics, Major, Metals",,2024-03-25,00925
USGS,U.S. Geological Survey,"['NAWQA - National Water-Quality Assessment', 'ZF00GUMQW']",USGS-09380000,"COLORADO RIVER AT LEES FERRY, AZ",Stream,Arizona,14070006,140700061105,,36.8643333333333,-111.587872222222,7e0f4255-6fc8-48c4-a5e1-6ff4791019e1,"Sample - Routine, regular",Water,Surface water,,2022-01-24,12:00:00,MST,,,EDI,,Magnesium,,Filtered field and/or lab,,,,,211f6047-b67b-4c57-9f51-56377ed6dddd,22.4,mg/L,,Accepted,,Actual,,,,,,Detection limit by DQCALC,0.01,mg/L,Quantitation limit value of the specified type,PLA11,USDOI/USGS,"Metals, wf, ICP-AES (NWQL)",,2022-02-04,,,,,USGS,,"Inorganics, Major, Metals",,2024-03-25,00925
USGS,U.S. Geological Survey,"['NAWQA - National Water-Quality Assessment', 'ZF00GUMQW']",USGS-09380000,"COLORADO RIVER AT LEES FERRY, AZ",Stream,Arizona,14070006,140700061105,,36.8643333333333,-111.587872222222,3f13b6ea-85f4-421c-9af3-53700572f373,"Sample - Routine, regular",Water,Surface water,,2022-03-07,11:45:00,MST,,,EDI,,Magnesium,,Filtered field and/or lab,,,,,22412e8e-9290-4066-a4d2-4cd6abc2f2d9,24.4,mg/L,,Accepted,,Actual,,,,,,Detection limit by DQCALC,0.01,mg/L,Quantitation limit value of the specified type,PLA11,USDOI/USGS,"Metals, wf, ICP-AES (NWQL)",,2022-03-16,,,,,USGS,,"Inorganics, Major, Metals",,2024-03-25,00925
USGS,U.S. Geological Survey,"['NAWQA - National Water-Quality Assessment', '00GUMQW00']",USGS-09380000,"COLORADO RIVER AT LEES FERRY, AZ",Stream,Arizona,14070006,140700061105,,36.8643333333333,-111.587872222222,9083b91d-77e9-4ff5-a161-662b6b17a019,"Sample - Routine, regular",Water,Surface water,,2020-06-16,13:00:00,MST,,,EDI,,Magnesium,,Filtered field and/or lab,,,,,22a71899-5f5a-4f69-942c-33a63f7b1d4a,19.3,mg/L,,Accepted,,Actual,,,,,,Detection limit by DQCALC,0.01,mg/L,Quantitation limit value of the specified type,PLA11,USDOI/USGS,"Metals, wf, ICP-AES (NWQL)",,2020-07-06,,,,,USGS,,"Inorganics, Major, Metals",,2024-03-25,00925
USGS,U.S. Geological Survey,"['NAWQA - National Water-Quality Assessment', '00GUMQW00']",USGS-09380000,"COLORADO RIVER AT LEES FERRY, AZ",Stream,Arizona,14070006,140700061105,,36.8643333333333,-111.587872222222,4fa854ca-cfd4-414f-8b62-2164ef9eea72,"Sample - Routine, regular",Water,Surface water,,2018-12-03,11:30:00,MST,,,EDI,,Magnesium,,Filtered field and/or lab,,,,,244f408b-6dfa-4afe-949a-a2ca75c3c5f8,20.9,mg/L,,Accepted,,Actual,,,,,,Detection limit by DQCALC,0.011,mg/L,Quantitation limit value of the specified type,PLA11,USDOI/USGS,"Metals, wf, ICP-AES (NWQL)",,2018-12-14,,,,,USGS,,"Inorganics, Major, Metals",,2024-03-25,00925
USGS,U.S. Geological Survey,"['NAWQA - National Water-Quality Assessment', '00GUMQW00']",USGS-09380000,"COLORADO RIVER AT LEES FERRY, AZ",Stream,Arizona,14070006,140700061105,,36.8643333333333,-111.587872222222,e5b57c15-198f-4ab2-97e5-72dd686a97d4,"Sample - Routine, regular",Water,Surface water,,2019-02-27,11:15:00,MST,,,EDI,,Magnesium,,Filtered field and/or lab,,,,,27090899-bf9f-4bd7-89e5-8dba9d412bff,22.1,mg/L,,Accepted,,Actual,,,,,,Detection limit by DQCALC,0.011,mg/L,Quantitation limit value of the specified type,PLA11,USDOI/USGS,"Metals, wf, ICP-AES (NWQL)",,2019-04-04,,,,,USGS,,"Inorganics, Major, Metals",,2024-03-25,00925
USGS,U.S. Geological Survey,"['NAWQA - National Water-Quality Assessment', 'ZF00GUMQW']",USGS-09380000,"COLORADO RIVER AT LEES FERRY, AZ",Stream,Arizona,14070006,140700061105,,36.8643333333333,-111.587872222222,ea01ff3c-abb1-4946-b0e0-3b491bbf6b03,"Sample - Routine, regular",Water,Surface water,,2022-02-07,14:30:00,MST,,,EDI,,Magnesium,,Filtered field and/or lab,,,,,2fba64b2-2c7e-47a4-b76c-5b154a9bb9b6,23.5,mg/L,,Accepted,,Actual,,,,,,Detection limit by DQCALC,0.01,mg/L,Quantitation limit value of the specified type,PLA11,USDOI/USGS,"Metals, wf, ICP-AES (NWQL)",,2022-02-22,,,,,USGS,,"Inorganics, Major, Metals",,2024-03-25,00925
USGS,U.S. Geological Survey,"['NAWQA - National Water-Quality Assessment', '00UFD3100']",USGS-09380000,"COLORADO RIVER AT LEES FERRY, AZ",Stream,Arizona,14070006,140700061105,,36.8643333333333,-111.587872222222,7fd9f5b3-3647-4429-95df-2ac5b421f6f4,"Sample - Routine, regular",Water,Surface water,,2022-10-18,09:30:00,MST,,,EDI,,Magnesium,,Filtered field and/or lab,,,,,34e79b62-7a46-4898-8d48-c5e7db4b2bd0,20.6,mg/L,,Accepted,,Actual,,,,,,Detection limit by DQCALC,0.01,mg/L,Quantitation limit value of the specified type,PLA11,USDOI/USGS,"Metals, wf, ICP-AES (NWQL)",,2022-11-01,,,,,USGS,,"Inorganics, Major, Metals",,2024-03-25,00925
USGS,U.S. Geological Survey,"['NAWQA - National Water-Quality Assessment', 'ZF00GUMQW']",USGS-09380000,"COLORADO RIVER AT LEES FERRY, AZ",Stream,Arizona,14070006,140700061105,,36.8643333333333,-111.587872222222,51b514a0-7238-42d3-b954-cfd3ecb5a428,"Sample - Routine, with an associated replicate",Water,Surface water,,2022-03-21,14:00:00,MST,,,EDI,,Magnesium,,Filtered field and/or lab,,,,,3c5c25db-b7b7-4c21-94d1-933621391199,23.9,mg/L,,Accepted,,Actual,,,,,,Detection limit by DQCALC,0.01,mg/L,Quantitation limit value of the specified type,PLA11,USDOI/USGS,"Metals, wf, ICP-AES (NWQL)",,2022-04-01,,,,,USGS,,"Inorganics, Major, Metals",,2024-03-25,00925
USGS,U.S. Geological Survey,"['NAWQA - National Water-Quality Assessment', '00GUMQW00']",USGS-09380000,"COLORADO RIVER AT LEES FERRY, AZ",Stream,Arizona,14070006,140700061105,,36.8643333333333,-111.587872222222,c71a3944-aa80-4742-b8ce-5c1b265701d7,"Sample - Routine, regular",Water,Surface water,,2019-05-14,12:30:00,MST,,,EDI,,Magnesium,,Filtered field and/or lab,,,,,3dddeb8f-5618-40e0-81a6-b5e9f799a59a,22.7,mg/L,,Accepted,,Actual,,,,,,Detection limit by DQCALC,0.011,mg/L,Quantitation limit value of the specified type,PLA11,USDOI/USGS,"Metals, wf, ICP-AES (NWQL)",,2019-06-05,,,,,USGS,,"Inorganics, Major, Metals",,2024-03-25,00925
USGS,U.S. Geological Survey,"['NAWQA - National Water-Quality Assessment', '00GUMQW00']",USGS-09380000,"COLORADO RIVER AT LEES FERRY, AZ",Stream,Arizona,14070006,140700061105,,36.8643333333333,-111.587872222222,6e3c02ef-3499-4c65-af9e-5ad557adbabe,"Sample - Routine, regular",Water,Surface water,,2019-01-30,12:45:00,MST,,,EDI,,Magnesium,,Filtered field and/or lab,,,,,44571984-dd45-44ee-b588-8fb4db661fdf,20.9,mg/L,,Accepted,,Actual,,,,,,Detection limit by DQCALC,0.011,mg/L,Quantitation limit value of the specified type,PLA11,USDOI/USGS,"Metals, wf, ICP-AES (NWQL)",,2019-02-13,,,,,USGS,,"Inorganics, Major, Metals",,2024-03-25,00925
USGS,U.S. Geological Survey,"['NAWQA - National Water-Quality Assessment', '00GUMQW00']",USGS-09380000,"COLORADO RIVER AT LEES FERRY, AZ",Stream,Arizona,14070006,140700061105,,36.8643333333333,-111.587872222222,af987751-348b-404d-88b2-e7f71d2657d7,"Sample - Routine, with an associated replicate",Water,Surface water,,2018-06-05,11:00:00,MST,,,EDI,,Magnesium,,Filtered field and/or lab,,,,,49fc52a1-0681-41fe-a839-cffb9be95acd,20.7,mg/L,,Accepted,,Actual,,,,,,Detection limit by DQCALC,0.011,mg/L,Quantitation limit value of the specified type,PLA11,USDOI/USGS,"Metals, wf, ICP-AES (NWQL)",,2018-07-25,,,,,USGS,,"Inorganics, Major, Metals",,2024-03-25,00925
USGS,U.S. Geological Survey,"['NAWQA - National Water-Quality Assessment', 'ZF00GUMQW']",USGS-09380000,"COLORADO RIVER AT LEES FERRY, AZ",Stream,Arizona,14070006,140700061105,,36.8643333333333,-111.587872222222,8e409852-9fb5-4457-9953-b558961cae5b,"Sample - Routine, regular",Water,Surface water,,2021-04-13,11:30:00,MST,,,EDI,,Magnesium,,Filtered field and/or lab,,,,,4b0a5e42-fa59-4a17-b843-2cc3e6a39711,20.8,mg/L,,Accepted,,Actual,,,,,,Detection limit by DQCALC,0.01,mg/L,Quantitation limit value of the specified type,PLA11,USDOI/USGS,"Metals, wf, ICP-AES (NWQL)",,2021-05-19,,,,,USGS,,"Inorganics, Major, Metals",,2024-03-25,00925
USGS,U.S. Geological Survey,"['NAWQA - National Water-Quality Assessment', '00GUMQW00']",USGS-09380000,"COLORADO RIVER AT LEES FERRY, AZ",Stream,Arizona,14070006,140700061105,,36.8643333333333,-111.587872222222,9298922a-8ddf-4dbd-9628-d988bcf43045,"Sample - Routine, regular",Water,Surface water,,2020-07-28,12:30:00,MST,,,EDI,,Magnesium,,Filtered field and/or lab,,,,,4c0f7bdd-6a86-429c-835d-f948267da444,19.2,mg/L,,Accepted,,Actual,,,,,,Detection limit by DQCALC,0.01,mg/L,Quantitation limit value of the specified type,PLA11,USDOI/USGS,"Metals, wf, ICP-AES (NWQL)",,2020-08-14,,,,,USGS,,"Inorganics, Major, Metals",,2024-03-25,00925
USGS,U.S. Geological Survey,"['USGS', '00GYKGS00']",USGS-09380000,"COLORADO RIVER AT LEES FERRY, AZ",Stream,Arizona,14070006,140700061105,,36.8643333333333,-111.587872222222,7c7def30-9c01-4233-a88b-ab475378d4a6,"Sample - Routine, regular",Water,Surface water,,2018-08-28,15:00:00,MST,,,Grab/dip,,Magnesium,,Filtered field and/or lab,,,,,4c935a2a-08c7-42e8-8d6a-6838912fc0fc,20.2,mg/L,,Accepted,,Actual,,,,,,Detection limit by DQCALC,0.011,mg/L,Quantitation limit value of the specified type,PLA11,USDOI/USGS,"Metals, wf, ICP-AES (NWQL)",,2018-09-25,,,,,USGS,,"Inorganics, Major, Metals",,2024-03-25,00925
USGS,U.S. Geological Survey,"['NAWQA - National Water-Quality Assessment', 'ZF00GUMQW']",USGS-09380000,"COLORADO RIVER AT LEES FERRY, AZ",Stream,Arizona,14070006,140700061105,,36.8643333333333,-111.587872222222,c94a0b7e-4a98-474b-b003-f489ea6088e3,"Sample - Routine, regular",Water,Surface water,,2021-12-13,12:00:00,MST,,,EDI,,Magnesium,,Filtered field and/or lab,,,,,4e834dd4-7711-4070-a213-a2fee7c344f9,22.9,mg/L,,Accepted,,Actual,,,,,,Detection limit by DQCALC,0.01,mg/L,Quantitation limit value of the specified type,PLA11,USDOI/USGS,"Metals, wf, ICP-AES (NWQL)",,2022-01-03,,,,,USGS,,"Inorganics, Major, Metals",,2024-03-25,00925
USGS,U.S. Geological Survey,"['NAWQA - National Water-Quality Assessment', '00GUMQW00']",USGS-09380000,"COLORADO RIVER AT LEES FERRY, AZ",Stream,Arizona,14070006,140700061105,,36.8643333333333,-111.587872222222,3b1c0584-2e82-41e2-b9fe-50023fd5e8db,"Sample - Routine, regular",Water,Surface water,,2020-02-03,11:45:00,MST,,,EDI,,Magnesium,,Filtered field and/or lab,,,,,4f5cd7e5-4cf6-468c-8893-ffe2f7696607,18.9,mg/L,,Accepted,,Actual,,,,,,Detection limit by DQCALC,0.01,mg/L,Quantitation limit value of the specified type,PLA11,USDOI/USGS,"Metals, wf, ICP-AES (NWQL)",,2020-02-12,,,,,USGS,,"Inorganics, Major, Metals",,2024-03-25,00925
USGS,U.S. Geological Survey,"['NAWQA - National Water-Quality Assessment', 'ZF00GUMQW']",USGS-09380000,"COLORADO RIVER AT LEES FERRY, AZ",Stream,Arizona,14070006,140700061105,,36.8643333333333,-111.587872222222,dc5675ce-9809-42c3-b726-356fd3941e52,"Sample - Routine, regular",Water,Surface water,,2021-10-18,13:15:00,MST,,,EDI,,Magnesium,,Filtered field and/or lab,,,,,64fde968-a599-42fc-bec9-f8fb2a9166b6,21.5,mg/L,,Accepted,,Actual,,,,,,Detection limit by DQCALC,0.01,mg/L,Quantitation limit value of the specified type,PLA11,USDOI/USGS,"Metals, wf, ICP-AES (NWQL)",,2021-11-10,,,,,USGS,,"Inorganics, Major, Metals",,2024-03-25,00925
USGS,U.S. Geological Survey,"['NAWQA - National Water-Quality Assessment', 'ZF00GUMQW']",USGS-09380000,"COLORADO RIVER AT LEES FERRY, AZ",Stream,Arizona,14070006,140700061105,,36.8643333333333,-111.587872222222,068107d4-0c1f-4637-adfc-9cfbf3269431,"Sample - Routine, regular",Water,Surface water,,2021-08-17,12:30:00,MST,,,EDI,,Magnesium,,Filtered field and/or lab,,,,,666be088-45f0-49fe-9691-ffe0fe07b949,20.5,mg/L,,Accepted,,Actual,,,,,,Detection limit by DQCALC,0.01,mg/L,Quantitation limit value of the specified type,PLA11,USDOI/USGS,"Metals, wf, ICP-AES (NWQL)",,2021-09-02,,,,,USGS,,"Inorganics, Major, Metals",,2024-03-25,00925
USGS,U.S. Geological Survey,"['NAWQA - National Water-Quality Assessment', '00UFD3100']",USGS-09380000,"COLORADO RIVER AT LEES FERRY, AZ",Stream,Arizona,14070006,140700061105,,36.8643333333333,-111.587872222222,d8dcbbda-b551-4694-bd8e-c475601d4ad3,"Sample - Routine, regular",Water,Surface water,,2023-02-21,12:00:00,MST,,,EDI,,Magnesium,,Filtered field and/or lab,,,,,668d6d7f-696b-4373-b8d9-cff37e764183,24.6,mg/L,,Accepted,,Actual,,,,,,Detection limit by DQCALC,0.01,mg/L,Quantitation limit value of the specified type,PLA11,USDOI/USGS,"Metals, wf, ICP-AES (NWQL)",,2023-03-07,,,,,USGS,,"Inorganics, Major, Metals",,2024-03-25,00925
USGS,U.S. Geological Survey,"['NAWQA - National Water-Quality Assessment', '00UFD3100']",USGS-09380000,"COLORADO RIVER AT LEES FERRY, AZ",Stream,Arizona,14070006,140700061105,,36.8643333333333,-111.587872222222,0dd095d1-f421-401d-902f-29af1c02d7a8,"Sample - Routine, regular",Water,Surface water,,2022-12-14,12:15:00,MST,,,EDI,,Magnesium,,Filtered field and/or lab,,,,,69d8ae87-c59b-42c3-8c5f-895f4feaeeb5,22.6,mg/L,,Accepted,,Actual,,,,,,Detection limit by DQCALC,0.01,mg/L,Quantitation limit value of the specified type,PLA11,USDOI/USGS,"Metals, wf, ICP-AES (NWQL)",,2022-12-30,,,,,USGS,,"Inorganics, Major, Metals",,2024-03-25,00925
USGS,U.S. Geological Survey,"['NAWQA - National Water-Quality Assessment', '00GUMQW00']",USGS-09380000,"COLORADO RIVER AT LEES FERRY, AZ",Stream,Arizona,14070006,140700061105,,36.8643333333333,-111.587872222222,689aa27b-1196-454f-a9df-20e200e45cc2,"Sample - Routine, regular",Water,Surface water,,2019-07-23,08:15:00,MST,,,EDI,,Magnesium,,Filtered field and/or lab,,,,,6a666581-335e-4ad2-83ee-f24778d2b9dc,20.9,mg/L,,Accepted,,Actual,,,,,,Detection limit by DQCALC,0.011,mg/L,Quantitation limit value of the specified type,PLA11,USDOI/USGS,"Metals, wf, ICP-AES (NWQL)",,2019-08-27,,,,,USGS,,"Inorganics, Major, Metals",,2024-03-25,00925
USGS,U.S. Geological Survey,"['NAWQA - National Water-Quality Assessment', 'ZF00GUMQW']",USGS-09380000,"COLORADO RIVER AT LEES FERRY, AZ",Stream,Arizona,14070006,140700061105,,36.8643333333333,-111.587872222222,e0a4b1b0-fd66-473b-8f0d-99a735fd17e7,"Sample - Routine, regular",Water,Surface water,,2021-11-15,11:45:00,MST,,,EDI,,Magnesium,,Filtered field and/or lab,,,,,6ef8fec9-c836-4f3c-8e6f-eff1660d24a8,21.7,mg/L,,Accepted,,Actual,,,,,,Detection limit by DQCALC,0.01,mg/L,Quantitation limit value of the specified type,PLA11,USDOI/USGS,"Metals, wf, ICP-AES (NWQL)",,2021-12-01,,,,,USGS,,"Inorganics, Major, Metals",,2024-03-25,00925
USGS,U.S. Geological Survey,"['NAWQA - National Water-Quality Assessment', '00GUMQW00']",USGS-09380000,"COLORADO RIVER AT LEES FERRY, AZ",Stream,Arizona,14070006,140700061105,,36.8643333333333,-111.587872222222,b50a19c0-f3d9-4f9b-b160-bf41b23997d9,"Sample - Routine, regular",Water,Surface water,,2019-10-15,12:15:00,MST,,,EDI,,Magnesium,,Filtered field and/or lab,,,,,77bb44cf-aa70-43f1-b2d1-342e04b78160,19.9,mg/L,,Accepted,,Actual,,,,,,Detection limit by DQCALC,0.01,mg/L,Quantitation limit value of the specified type,PLA11,USDOI/USGS,"Metals, wf, ICP-AES (NWQL)",,2019-11-15,,,,,USGS,,"Inorganics, Major, Metals",,2024-03-25,00925
USGS,U.S. Geological Survey,"['NAWQA - National Water-Quality Assessment', '00GUMQW00']",USGS-09380000,"COLORADO RIVER AT LEES FERRY, AZ",Stream,Arizona,14070006,140700061105,,36.8643333333333,-111.587872222222,b2bbc2c8-6068-4866-9c9b-48cf82f3e745,"Sample - Routine, regular",Water,Surface water,,2019-12-04,11:15:00,MST,,,EDI,,Magnesium,,Filtered field and/or lab,,,,,7bfa6fd5-82cc-4129-946b-3222337802f8,19.0,mg/L,,Accepted,,Actual,,,,,,Detection limit by DQCALC,0.01,mg/L,Quantitation limit value of the specified type,PLA11,USDOI/USGS,"Metals, wf, ICP-AES (NWQL)",,2019-12-12,,,,,USGS,,"Inorganics, Major, Metals",,2024-03-25,00925
USGS,U.S. Geological Survey,"['NAWQA - National Water-Quality Assessment', 'ZF00GUMQW']",USGS-09380000,"COLORADO RIVER AT LEES FERRY, AZ",Stream,Arizona,14070006,140700061105,,36.8643333333333,-111.587872222222,c5f33866-0ea8-4028-b365-abcc381a8185,"Sample - Routine, regular",Water,Surface water,,2021-01-11,11:30:00,MST,,,EDI,,Magnesium,,Filtered field and/or lab,,,,,7d442772-ca80-4808-a31a-4c8bbc91197c,20.2,mg/L,,Accepted,,Actual,,,,,,Detection limit by DQCALC,0.01,mg/L,Quantitation limit value of the specified type,PLA11,USDOI/USGS,"Metals, wf, ICP-AES (NWQL)",,2021-02-05,,,,,USGS,,"Inorganics, Major, Metals",,2024-03-25,00925
USGS,U.S. Geological Survey,"['NAWQA - National Water-Quality Assessment', 'ZF00GUMQW']",USGS-09380000,"COLORADO RIVER AT LEES FERRY, AZ",Stream,Arizona,14070006,140700061105,,36.8643333333333,-111.587872222222,de2c32a7-e5f2-4ad5-afe1-40f9f36987ce,"Sample - Routine, regular",Water,Surface water,,2020-11-10,12:15:00,MST,,,EDI,,Magnesium,,Filtered field and/or lab,,,,,7ddade59-628a-4e86-89d0-a3ea0e52f86f,19.3,mg/L,,Accepted,,Actual,,,,,,Detection limit by DQCALC,0.01,mg/L,Quantitation limit value of the specified type,PLA11,USDOI/USGS,"Metals, wf, ICP-AES (NWQL)",,2020-11-17,,,,,USGS,,"Inorganics, Major, Metals",,2024-03-25,00925
USGS,U.S. Geological Survey,"['NAWQA - National Water-Quality Assessment', '00GCB0000']",USGS-09380000,"COLORADO RIVER AT LEES FERRY, AZ",Stream,Arizona,14070006,140700061105,,36.8643333333333,-111.587872222222,136193e2-a92c-4433-8483-8ed28bba5c1a,"Sample - Routine, regular",Water,Surface water,,2020-05-06,12:00:00,MST,,,EDI,,Magnesium,,Filtered field and/or lab,,,,,80e6066a-0f77-4ccb-9106-99e17caa5614,20.5,mg/L,,Accepted,,Actual,,,,,,Detection limit by DQCALC,0.01,mg/L,Quantitation limit value of the specified type,PLA11,USDOI/USGS,"Metals, wf, ICP-AES (NWQL)",,2020-06-02,,,,,USGS,,"Inorganics, Major, Metals",,2024-03-25,00925
USGS,U.S. Geological Survey,"['USGS', '00GYKGS00']",USGS-09380000,"COLORADO RIVER AT LEES FERRY, AZ",Stream,Arizona,14070006,140700061105,,36.8643333333333,-111.587872222222,e44bcd48-bde1-4965-83e4-a3546b42b07b,"Sample - Routine, regular",Water,Surface water,,2018-09-06,13:00:00,MST,,,Grab/dip,,Magnesium,,Filtered field and/or lab,,,,,85a51cb9-7a2c-49b9-9ffe-c5b9f751d93f,19.9,mg/L,,Accepted,,Actual,"Container received with pH>2, Lab will adjust pH",,,,,Detection limit by DQCALC,0.011,mg/L,Quantitation limit value of the specified type,PLA11,USDOI/USGS,"Metals, wf, ICP-AES (NWQL)",,2018-10-02,,,,,USGS,,"Inorganics, Major, Metals",,2024-03-25,00925
USGS,U.S. Geological Survey,"['NAWQA - National Water-Quality Assessment', '00GUMQW00']",USGS-09380000,"COLORADO RIVER AT LEES FERRY, AZ",Stream,Arizona,14070006,140700061105,,36.8643333333333,-111.587872222222,58a17a88-74c3-4bfe-a357-6a890c1e7372,"Sample - Routine, regular",Water,Surface water,,2019-03-26,12:15:00,MST,,,EDI,,Magnesium,,Filtered field and/or lab,,,,,8e01bb5f-aa7e-44e7-a3e6-747e0c93c56b,22.1,mg/L,,Accepted,,Actual,,,,,,Detection limit by DQCALC,0.011,mg/L,Quantitation limit value of the specified type,PLA11,USDOI/USGS,"Metals, wf, ICP-AES (NWQL)",,2019-04-19,,,,,USGS,,"Inorganics, Major, Metals",,2024-03-25,00925
USGS,U.S. Geological Survey,"['NAWQA - National Water-Quality Assessment', '00GUMQW00']",USGS-09380000,"COLORADO RIVER AT LEES FERRY, AZ",Stream,Arizona,14070006,140700061105,,36.8643333333333,-111.587872222222,407a1957-7317-4e9e-b83e-2e4261928065,"Sample - Routine, regular",Water,Surface water,,2018-05-22,12:15:00,MST,,,EDI,,Magnesium,,Filtered field and/or lab,,,,,930ce2c6-f188-4ec6-a0b9-7d199b60d5ab,20.9,mg/L,,Accepted,,Actual,,,,,,Detection limit by DQCALC,0.011,mg/L,Quantitation limit value of the specified type,PLA11,USDOI/USGS,"Metals, wf, ICP-AES (NWQL)",,2018-07-11,,,,,USGS,,"Inorganics, Major, Metals",,2024-03-25,00925
USGS,U.S. Geological Survey,"['NAWQA - National Water-Quality Assessment', 'ZF00GUMQW']",USGS-09380000,"COLORADO RIVER AT LEES FERRY, AZ",Stream,Arizona,14070006,140700061105,,36.8643333333333,-111.587872222222,d217964d-0313-44fe-bc07-42135cf84505,"Sample - Routine, regular",Water,Surface water,,2022-04-06,11:15:00,MST,,,EDI,,Magnesium,,Filtered field and/or lab,,,,,930ee8ee-7021-451a-8385-580a3291d8bc,25.0,mg/L,,Accepted,,Actual,,,,,,Detection limit by DQCALC,0.01,mg/L,Quantitation limit value of the specified type,PLA11,USDOI/USGS,"Metals, wf, ICP-AES (NWQL)",,2022-04-22,,,,,USGS,,"Inorganics, Major, Metals",,2024-03-25,00925
USGS,U.S. Geological Survey,"['NAWQA - National Water-Quality Assessment', '00GUMQW00']",USGS-09380000,"COLORADO RIVER AT LEES FERRY, AZ",Stream,Arizona,14070006,140700061105,,36.8643333333333,-111.587872222222,4945558d-1d7b-4d1b-b28a-b276cf7268b2,"Sample - Routine, regular",Water,Surface water,,2018-11-06,11:00:00,MST,26.0,ft,EDI,,Magnesium,,Filtered field and/or lab,,,,,93dcf102-6415-4f44-8210-d095b5d141bc,21.2,mg/L,,Accepted,,Actual,,,,,,Detection limit by DQCALC,0.011,mg/L,Quantitation limit value of the specified type,PLA11,USDOI/USGS,"Metals, wf, ICP-AES (NWQL)",,2018-11-26,,,,,USGS,,"Inorganics, Major, Metals",,2024-03-25,00925
USGS,U.S. Geological Survey,"['NAWQA - National Water-Quality Assessment', '00UFD3100']",USGS-09380000,"COLORADO RIVER AT LEES FERRY, AZ",Stream,Arizona,14070006,140700061105,,36.8643333333333,-111.587872222222,dd789792-459f-4e2f-acf2-34bf5dd095ca,"Sample - Routine, regular",Water,Surface water,,2023-03-14,12:45:00,MST,,,EDI,,Magnesium,,Filtered field and/or lab,,,,,99882c40-44d1-4386-b60d-bc8755e72528,24.9,mg/L,,Accepted,,Actual,,,,,,Detection limit by DQCALC,0.01,mg/L,Quantitation limit value of the specified type,PLA11,USDOI/USGS,"Metals, wf, ICP-AES (NWQL)",,2023-03-23,,,,,USGS,,"Inorganics, Major, Metals",,2024-03-25,00925
USGS,U.S. Geological Survey,"['NAWQA - National Water-Quality Assessment', 'ZF00GUMQW']",USGS-09380000,"COLORADO RIVER AT LEES FERRY, AZ",Stream,Arizona,14070006,140700061105,,36.8643333333333,-111.587872222222,ddc84e53-efe3-4c8e-a467-36149bbddf33,"Sample - Routine, regular",Water,Surface water,,2021-03-15,14:30:00,MST,,,Multiple verticals,,Magnesium,,Filtered field and/or lab,,,,,9c383999-cb75-4c1e-ae8b-2710e1753057,22.4,mg/L,,Accepted,,Actual,,,,,,Detection limit by DQCALC,0.01,mg/L,Quantitation limit value of the specified type,PLA11,USDOI/USGS,"Metals, wf, ICP-AES (NWQL)",,2021-05-06,,,,,USGS,,"Inorganics, Major, Metals",,2024-03-25,00925
USGS,U.S. Geological Survey,"['NAWQA - National Water-Quality Assessment', 'ZF00GUMQW']",USGS-09380000,"COLORADO RIVER AT LEES FERRY, AZ",Stream,Arizona,14070006,140700061105,,36.8643333333333,-111.587872222222,a0a88058-9f37-43e4-a7ee-9d3ec59f0ff1,"Sample - Routine, regular",Water,Surface water,,2022-07-19,11:45:00,MST,,,EDI,,Magnesium,,Filtered field and/or lab,,,,,9d9a1039-2aa3-4c9d-b200-525231fc72fe,23.2,mg/L,,Accepted,,Actual,,,,,,Detection limit by DQCALC,0.01,mg/L,Quantitation limit value of the specified type,PLA11,USDOI/USGS,"Metals, wf, ICP-AES (NWQL)",,2022-08-04,,,,,USGS,,"Inorganics, Major, Metals",,2024-03-25,00925
USGS,U.S. Geological Survey,"['NAWQA - National Water-Quality Assessment', '00UFD3100']",USGS-09380000,"COLORADO RIVER AT LEES FERRY, AZ",Stream,Arizona,14070006,140700061105,,36.8643333333333,-111.587872222222,c0196a47-366c-4bc2-baba-ba934f8cb510,"Sample - Routine, regular",Water,Surface water,,2022-11-29,13:00:00,MST,,,EDI,,Magnesium,,Filtered field and/or lab,,,,,9e3f8b5d-6f01-4412-a2da-e46ef6dcf368,20.5,mg/L,,Accepted,,Actual,,,,,,Detection limit by DQCALC,0.01,mg/L,Quantitation limit value of the specified type,PLA11,USDOI/USGS,"Metals, wf, ICP-AES (NWQL)",,2022-12-10,,,,,USGS,,"Inorganics, Major, Metals",,2024-03-25,00925
USGS,U.S. Geological Survey,"['NAWQA - National Water-Quality Assessment', '00UFD3100']",USGS-09380000,"COLORADO RIVER AT LEES FERRY, AZ",Stream,Arizona,14070006,140700061105,,36.8643333333333,-111.587872222222,b9699577-4b4c-44fa-8102-733a9408c5a2,"Sample - Routine, regular",Water,Surface water,,2023-01-10,12:45:00,MST,,,EDI,,Magnesium,,Filtered field and/or lab,,,,,a0c86bcb-e0cc-4861-978a-a89e6f98c317,23.2,mg/L,,Accepted,,Actual,,,,,,Detection limit by DQCALC,0.01,mg/L,Quantitation limit value of the specified type,PLA11,USDOI/USGS,"Metals, wf, ICP-AES (NWQL)",,2023-01-26,,,,,USGS,,"Inorganics, Major, Metals",,2024-03-25,00925
USGS,U.S. Geological Survey,"['NAWQA - National Water-Quality Assessment', 'ZF00GUMQW']",USGS-09380000,"COLORADO RIVER AT LEES FERRY, AZ",Stream,Arizona,14070006,140700061105,,36.8643333333333,-111.587872222222,38c79ac4-0c8f-4b5c-aa49-e652e1a4586a,"Sample - Routine, with an associated replicate",Water,Surface water,,2021-03-29,11:30:00,MST,,,EDI,,Magnesium,,Filtered field and/or lab,,,,,a50fe874-e73b-4c2c-aac5-94207cdd44c1,21.9,mg/L,,Accepted,,Actual,,,,,,Detection limit by DQCALC,0.01,mg/L,Quantitation limit value of the specified type,PLA11,USDOI/USGS,"Metals, wf, ICP-AES (NWQL)",,2021-05-12,,,,,USGS,,"Inorganics, Major, Metals",,2024-03-25,00925
USGS,U.S. Geological Survey,"['NAWQA - National Water-Quality Assessment', 'ZF00GUMQW']",USGS-09380000,"COLORADO RIVER AT LEES FERRY, AZ",Stream,Arizona,14070006,140700061105,,36.8643333333333,-111.587872222222,5b80f004-52b9-4587-ab9b-7dfb53113209,"Sample - Routine, regular",Water,Surface water,,2022-04-19,11:30:00,MST,,,EDI,,Magnesium,,Filtered field and/or lab,,,,,a6e664b0-d2e8-4ea7-b0ac-9ece3fd62a37,25.1,mg/L,,Accepted,,Actual,,,,,,Detection limit by DQCALC,0.01,mg/L,Quantitation limit value of the specified type,PLA11,USDOI/USGS,"Metals, wf, ICP-AES (NWQL)",,2022-04-28,,,,,USGS,,"Inorganics, Major, Metals",,2024-03-25,00925
USGS,U.S. Geological Survey,"['NAWQA - National Water-Quality Assessment', 'ZF00GUMQW']",USGS-09380000,"COLORADO RIVER AT LEES FERRY, AZ",Stream,Arizona,14070006,140700061105,,36.8643333333333,-111.587872222222,97a8517b-f449-4c14-a482-b4ad0ebe71df,"Sample - Routine, regular",Water,Surface water,,2021-07-20,11:30:00,MST,,,EDI,,Magnesium,,Filtered field and/or lab,,,,,a85535cf-6df4-4b4e-b9ae-c6f8d44b8757,20.1,mg/L,,Accepted,,Actual,,,,,,Detection limit by DQCALC,0.01,mg/L,Quantitation limit value of the specified type,PLA11,USDOI/USGS,"Metals, wf, ICP-AES (NWQL)",,2021-08-12,,,,,USGS,,"Inorganics, Major, Metals",,2024-03-25,00925
USGS,U.S. Geological Survey,"['NAWQA - National Water-Quality Assessment', '00GUMQW00']",USGS-09380000,"COLORADO RIVER AT LEES FERRY, AZ",Stream,Arizona,14070006,140700061105,,36.8643333333333,-111.587872222222,36f2f948-aa7f-4129-b7c0-27ffcbc10f75,"Sample - Routine, regular",Water,Surface water,,2020-03-11,12:00:00,MST,,,EDI,,Magnesium,,Filtered field and/or lab,,,,,a8cbb5d2-44f5-46a9-8b65-a20067107e7d,21.1,mg/L,,Accepted,,Actual,,,,,,Detection limit by DQCALC,0.01,mg/L,Quantitation limit value of the specified type,PLA11,USDOI/USGS,"Metals, wf, ICP-AES (NWQL)",,2020-03-18,,,,,USGS,,"Inorganics, Major, Metals",,2024-03-25,00925
USGS,U.S. Geological Survey,"['NAWQA - National Water-Quality Assessment', '00GUMQW00']",USGS-09380000,"COLORADO RIVER AT LEES FERRY, AZ",Stream,Arizona,14070006,140700061105,,36.8643333333333,-111.587872222222,e62e4b26-b2ee-4f91-a793-ffbcfabe017a,"Sample - Routine, regular",Water,Surface water,,2019-11-04,12:45:00,MST,,,EDI,,Magnesium,,Filtered field and/or lab,,,,,aa71b99a-907b-4fd1-80f3-70ccea3df72c,19.0,mg/L,,Accepted,,Actual,,,,,,Detection limit by DQCALC,0.01,mg/L,Quantitation limit value of the specified type,PLA11,USDOI/USGS,"Metals, wf, ICP-AES (NWQL)",,2019-11-27,,,,,USGS,,"Inorganics, Major, Metals",,2024-03-25,00925
USGS,U.S. Geological Survey,"['NAWQA - National Water-Quality Assessment', 'ZF00GUMQW']",USGS-09380000,"COLORADO RIVER AT LEES FERRY, AZ",Stream,Arizona,14070006,140700061105,,36.8643333333333,-111.587872222222,2baa423f-198b-4c8d-8df8-af6a9954c3ad,"Sample - Routine, regular",Water,Surface water,,2021-05-24,14:00:00,MST,,,EDI,,Magnesium,,Filtered field and/or lab,,,,,ab0cecad-2b1e-420e-93c6-0f2bb3f78d5c,21.7,mg/L,,Accepted,,Actual,,,,,,Detection limit by DQCALC,0.01,mg/L,Quantitation limit value of the specified type,PLA11,USDOI/USGS,"Metals, wf, ICP-AES (NWQL)",,2021-07-06,,,,,USGS,,"Inorganics, Major, Metals",,2024-03-25,00925
USGS,U.S. Geological Survey,"['NAWQA - National Water-Quality Assessment', '00GUMQW00']",USGS-09380000,"COLORADO RIVER AT LEES FERRY, AZ",Stream,Arizona,14070006,140700061105,,36.8643333333333,-111.587872222222,8bd15057-56d4-4893-a753-02c369546ca1,"Sample - Routine, regular",Water,Surface water,,2020-08-25,12:00:00,MST,,,EDI,,Magnesium,,Filtered field and/or lab,,,,,afe96b68-7c1b-4439-9b45-6f7fdd0dfa0a,18.5,mg/L,,Accepted,,Actual,,,,,,Detection limit by DQCALC,0.01,mg/L,Quantitation limit value of the specified type,PLA11,USDOI/USGS,"Metals, wf, ICP-AES (NWQL)",,2020-09-28,,,,,USGS,,"Inorganics, Major, Metals",,2024-03-25,00925
USGS,U.S. Geological Survey,"['NAWQA - National Water-Quality Assessment', 'ZF00GUMQW']",USGS-09380000,"COLORADO RIVER AT LEES FERRY, AZ",Stream,Arizona,14070006,140700061105,,36.8643333333333,-111.587872222222,5ef938cf-ca3a-459f-8619-efe3d53e5b22,"Sample - Routine, regular",Water,Surface water,,2022-08-25,11:45:00,MST,,,EDI,,Magnesium,,Filtered field and/or lab,,,,,b23ffece-75b6-47be-bfd8-020b531ba8a0,21.3,mg/L,,Accepted,,Actual,,,,,,Detection limit by DQCALC,0.01,mg/L,Quantitation limit value of the specified type,PLA11,USDOI/USGS,"Metals, wf, ICP-AES (NWQL)",,2022-09-15,,,,,USGS,,"Inorganics, Major, Metals",,2024-03-25,00925
USGS,U.S. Geological Survey,"['NAWQA - National Water-Quality Assessment', 'ZF00GUMQW']",USGS-09380000,"COLORADO RIVER AT LEES FERRY, AZ",Stream,Arizona,14070006,140700061105,,36.8643333333333,-111.587872222222,3ffe8c52-92ec-4d34-85d2-23cadaf9044f,"Sample - Routine, regular",Water,Surface water,,2022-06-21,11:45:00,MST,,,EDI,,Magnesium,,Filtered field and/or lab,,,,,b4bb85cd-58b1-42cc-bc5a-73934b1a4d3d,24.6,mg/L,,Accepted,,Actual,,,,,,Detection limit by DQCALC,0.01,mg/L,Quantitation limit value of the specified type,PLA11,USDOI/USGS,"Metals, wf, ICP-AES (NWQL)",,2022-07-06,,,,,USGS,,"Inorganics, Major, Metals",,2024-03-25,00925
USGS,U.S. Geological Survey,"['NAWQA - National Water-Quality Assessment', '00UFD3100']",USGS-09380000,"COLORADO RIVER AT LEES FERRY, AZ",Stream,Arizona,14070006,140700061105,,36.8643333333333,-111.587872222222,f0df1ebf-3dce-4008-a41f-1cf75451d728,"Sample - Routine, regular",Water,Surface water,,2023-04-12,10:30:00,MST,,,EDI,,Magnesium,,Filtered field and/or lab,,,,,b848a9ff-9135-4e1c-a66d-83956492db93,25.5,mg/L,,Accepted,,Actual,,,,,,Detection limit by DQCALC,0.01,mg/L,Quantitation limit value of the specified type,PLA11,USDOI/USGS,"Metals, wf, ICP-AES (NWQL)",,2023-05-04,,,,,USGS,,"Inorganics, Major, Metals",,2024-03-25,00925
USGS,U.S. Geological Survey,"['NAWQA - National Water-Quality Assessment', 'ZF00GUMQW']",USGS-09380000,"COLORADO RIVER AT LEES FERRY, AZ",Stream,Arizona,14070006,140700061105,,36.8643333333333,-111.587872222222,2a8942b3-8859-4869-9e26-de294fe26f81,"Sample - Routine, regular",Water,Surface water,,2020-12-17,11:30:00,MST,,,EDI,,Magnesium,,Filtered field and/or lab,,,,,ba7da21b-2072-4557-b2de-e6e60b3d679b,19.8,mg/L,,Accepted,,Actual,,,,,,Detection limit by DQCALC,0.01,mg/L,Quantitation limit value of the specified type,PLA11,USDOI/USGS,"Metals, wf, ICP-AES (NWQL)",,2021-01-27,,,,,USGS,,"Inorganics, Major, Metals",,2024-03-25,00925
USGS,U.S. Geological Survey,"['NAWQA - National Water-Quality Assessment', '00GUMQW00']",USGS-09380000,"COLORADO RIVER AT LEES FERRY, AZ",Stream,Arizona,14070006,140700061105,,36.8643333333333,-111.587872222222,7bd36bcd-f911-4e4f-8bdc-16421d349d89,"Sample - Routine, regular",Water,Surface water,,2019-04-09,11:45:00,MST,,,EDI,,Magnesium,,Filtered field and/or lab,,,,,bb640810-8121-4554-b1de-5de30936f70a,23.3,mg/L,,Accepted,,Actual,,,,,,Detection limit by DQCALC,0.011,mg/L,Quantitation limit value of the specified type,PLA11,USDOI/USGS,"Metals, wf, ICP-AES (NWQL)",,2019-05-07,,,,,USGS,,"Inorganics, Major, Metals",,2024-03-25,00925
USGS,U.S. Geological Survey,"['NAWQA - National Water-Quality Assessment', '00GUMQW00']",USGS-09380000,"COLORADO RIVER AT LEES FERRY, AZ",Stream,Arizona,14070006,140700061105,,36.8643333333333,-111.587872222222,bc975386-2ec6-4659-b39a-e9e4d6571b2a,"Sample - Routine, with an associated replicate",Water,Surface water,,2019-02-12,11:30:00,MST,,,EDI,,Magnesium,,Filtered field and/or lab,,,,,c001d46a-63f7-466d-a10d-1d1571c62c93,20.8,mg/L,,Accepted,,Actual,,,,,,Detection limit by DQCALC,0.011,mg/L,Quantitation limit value of the specified type,PLA11,USDOI/USGS,"Metals, wf, ICP-AES (NWQL)",,2019-02-27,,,,,USGS,,"Inorganics, Major, Metals",,2024-03-25,00925
USGS,U.S. Geological Survey,"['USGS', '00GYKGS00']",USGS-09380000,"COLORADO RIVER AT LEES FERRY, AZ",Stream,Arizona,14070006,140700061105,,36.8643333333333,-111.587872222222,f96aaa12-0a13-4e34-9719-1da85c6fb144,"Sample - Routine, regular",Water,Surface water,,2018-07-09,12:30:00,MST,,,,,Magnesium,,Filtered field and/or lab,,,,,c1fcfad5-9292-4fcb-b3cc-a7a1738251e8,20.0,mg/L,,Accepted,,Actual,,,,,,Detection limit by DQCALC,0.011,mg/L,Quantitation limit value of the specified type,PLA11,USDOI/USGS,"Metals, wf, ICP-AES (NWQL)",,2018-08-20,,,,,USGS,,"Inorganics, Major, Metals",,2024-03-25,00925
USGS,U.S. Geological Survey,"['NAWQA - National Water-Quality Assessment', 'ZF00GUMQW']",USGS-09380000,"COLORADO RIVER AT LEES FERRY, AZ",Stream,Arizona,14070006,140700061105,,36.8643333333333,-111.587872222222,edd06fc5-5ef7-4d93-8f68-1766d56ab0ad,"Sample - Routine, regular",Water,Surface water,,2021-04-26,12:00:00,MST,,,EDI,,Magnesium,,Filtered field and/or lab,,,,,c527491c-6725-4389-b130-2a09090f5ec4,19.7,mg/L,,Accepted,,Actual,,,,,,Detection limit by DQCALC,0.01,mg/L,Quantitation limit value of the specified type,PLA11,USDOI/USGS,"Metals, wf, ICP-AES (NWQL)",,2021-06-03,,,,,USGS,,"Inorganics, Major, Metals",,2024-03-25,00925
USGS,U.S. Geological Survey,"['NAWQA - National Water-Quality Assessment', '00GCB0000']",USGS-09380000,"COLORADO RIVER AT LEES FERRY, AZ",Stream,Arizona,14070006,140700061105,,36.8643333333333,-111.587872222222,5db09a63-5e5c-409f-a293-438047c3379e,"Sample - Routine, with an associated replicate",Water,Surface water,,2020-05-19,11:15:00,MST,,,EDI,,Magnesium,,Filtered field and/or lab,,,,,c80d4c14-bc8d-4171-8d66-95f6fc692318,19.7,mg/L,,Accepted,,Actual,,,,,,Detection limit by DQCALC,0.01,mg/L,Quantitation limit value of the specified type,PLA11,USDOI/USGS,"Metals, wf, ICP-AES (NWQL)",,2020-06-04,,,,,USGS,,"Inorganics, Major, Metals",,2024-03-25,00925
USGS,U.S. Geological Survey,"['NAWQA - National Water-Quality Assessment', 'ZF00GUMQW']",USGS-09380000,"COLORADO RIVER AT LEES FERRY, AZ",Stream,Arizona,14070006,140700061105,,36.8643333333333,-111.587872222222,b9f67a5b-60f3-4ea7-8180-7205c145e1c7,"Sample - Routine, regular",Water,Surface water,,2020-10-07,12:00:00,MST,,,EDI,,Magnesium,,Filtered field and/or lab,,,,,c868a3ef-ec29-48d5-8adb-50174bf726e3,19.3,mg/L,,Accepted,,Actual,,,,,,Detection limit by DQCALC,0.01,mg/L,Quantitation limit value of the specified type,PLA11,USDOI/USGS,"Metals, wf, ICP-AES (NWQL)",,2020-10-21,,,,,USGS,,"Inorganics, Major, Metals",,2024-03-25,00925
USGS,U.S. Geological Survey,"['NAWQA - National Water-Quality Assessment', '00GUMQW00']",USGS-09380000,"COLORADO RIVER AT LEES FERRY, AZ",Stream,Arizona,14070006,140700061105,,36.8643333333333,-111.587872222222,75f19694-9f96-4a67-b6af-79b66fbfffa5,"Sample - Routine, regular",Water,Surface water,,2020-01-21,13:00:00,MST,,,EDI,,Magnesium,,Filtered field and/or lab,,,,,caadc923-fa0e-48f9-8cee-38a2c23af556,18.0,mg/L,,Accepted,,Actual,,,,,,Detection limit by DQCALC,0.01,mg/L,Quantitation limit value of the specified type,PLA11,USDOI/USGS,"Metals, wf, ICP-AES (NWQL)",,2020-02-04,,,,,USGS,,"Inorganics, Major, Metals",,2024-03-25,00925
USGS,U.S. Geological Survey,"['NAWQA - National Water-Quality Assessment', 'ZF00GUMQW']",USGS-09380000,"COLORADO RIVER AT LEES FERRY, AZ",Stream,Arizona,14070006,140700061105,,36.8643333333333,-111.587872222222,11e3ad05-c2c0-410d-95bf-9ca79b7cdb4f,"Sample - Routine, regular",Water,Surface water,,2022-05-16,13:00:00,MST,,,EDI,,Magnesium,,Filtered field and/or lab,,,,,cf861f3d-9988-4d71-b168-908f52a971d5,25.7,mg/L,,Accepted,,Actual,,,,,,Detection limit by DQCALC,0.01,mg/L,Quantitation limit value of the specified type,PLA11,USDOI/USGS,"Metals, wf, ICP-AES (NWQL)",,2022-05-27,,,,,USGS,,"Inorganics, Major, Metals",,2024-03-25,00925
USGS,U.S. Geological Survey,"['NAWQA - National Water-Quality Assessment', '00GUMQW00']",USGS-09380000,"COLORADO RIVER AT LEES FERRY, AZ",Stream,Arizona,14070006,140700061105,,36.8643333333333,-111.587872222222,48b539c3-86d2-4eda-b06c-874cf4386339,"Sample - Routine, regular",Water,Surface water,,2019-03-12,11:15:00,MST,,,EDI,,Magnesium,,Filtered field and/or lab,,,,,d17127a1-2f96-4d83-9136-4471dcd9fbf2,22.0,mg/L,,Accepted,,Actual,,,,,,Detection limit by DQCALC,0.011,mg/L,Quantitation limit value of the specified type,PLA11,USDOI/USGS,"Metals, wf, ICP-AES (NWQL)",,2019-04-06,,,,,USGS,,"Inorganics, Major, Metals",,2024-03-25,00925
USGS,U.S. Geological Survey,"['NAWQA - National Water-Quality Assessment', '00GUMQW00']",USGS-09380000,"COLORADO RIVER AT LEES FERRY, AZ",Stream,Arizona,14070006,140700061105,,36.8643333333333,-111.587872222222,29f8c0e3-abac-4b1d-8f81-a1a38390e0f9,"Sample - Routine, regular",Water,Surface water,,2019-05-28,12:15:00,MST,,,EDI,,Magnesium,,Filtered field and/or lab,,,,,da814ed7-3f10-4168-a70d-b7b48f346b4d,21.5,mg/L,,Accepted,,Actual,,,,,,Detection limit by DQCALC,0.011,mg/L,Quantitation limit value of the specified type,PLA11,USDOI/USGS,"Metals, wf, ICP-AES (NWQL)",,2019-06-14,,,,,USGS,,"Inorganics, Major, Metals",,2024-03-25,00925
USGS,U.S. Geological Survey,"['NAWQA - National Water-Quality Assessment', '00GUMQW00']",USGS-09380000,"COLORADO RIVER AT LEES FERRY, AZ",Stream,Arizona,14070006,140700061105,,36.8643333333333,-111.587872222222,c7943da2-bcd0-49c4-b39d-00c1fa9e25cb,"Sample - Routine, regular",Water,Surface water,,2018-07-24,11:15:00,MST,,,EDI,,Magnesium,,Filtered field and/or lab,,,,,e0b33ab6-ddca-45d4-a466-820b6ae2a38c,20.0,mg/L,,Accepted,,Actual,,,,,,Detection limit by DQCALC,0.011,mg/L,Quantitation limit value of the specified type,PLA11,USDOI/USGS,"Metals, wf, ICP-AES (NWQL)",,2018-08-27,,,,,USGS,,"Inorganics, Major, Metals",,2024-03-25,00925
USGS,U.S. Geological Survey,"['NAWQA - National Water-Quality Assessment', 'ZF00GUMQW']",USGS-09380000,"COLORADO RIVER AT LEES FERRY, AZ",Stream,Arizona,14070006,140700061105,,36.8643333333333,-111.587872222222,997ce391-1ca2-43c1-af32-ae382df7c2cc,"Sample - Routine, regular",Water,Surface water,,2021-06-22,12:00:00,MST,,,EDI,,Magnesium,,Filtered field and/or lab,,,,,e1b97ef9-c688-48d4-b54b-0f6a4397c8e4,21.3,mg/L,,Accepted,,Actual,,,,,,Detection limit by DQCALC,0.01,mg/L,Quantitation limit value of the specified type,PLA11,USDOI/USGS,"Metals, wf, ICP-AES (NWQL)",,2021-07-19,,,,,USGS,,"Inorganics, Major, Metals",,2024-03-25,00925
USGS,U.S. Geological Survey,"['NAWQA - National Water-Quality Assessment', '00GCB0000']",USGS-09380000,"COLORADO RIVER AT LEES FERRY, AZ",Stream,Arizona,14070006,140700061105,,36.8643333333333,-111.587872222222,686bddf5-9c30-40e8-8a1a-96539ea30eaf,"Sample - Routine, regular",Water,Surface water,,2020-03-25,11:40:00,MST,,,EDI,,Magnesium,,Filtered field and/or lab,,,,,e777b2fc-ecae-4831-a2a7-337267c0b774,21.7,mg/L,,Accepted,,Actual,,,,,,Detection limit by DQCALC,0.01,mg/L,Quantitation limit value of the specified type,PLA11,USDOI/USGS,"Metals, wf, ICP-AES (NWQL)",,2020-04-06,,,,,USGS,,"Inorganics, Major, Metals",,2024-03-25,00925
USGS,U.S. Geological Survey,"['NAWQA - National Water-Quality Assessment', '00GUMQW00']",USGS-09380000,"COLORADO RIVER AT LEES FERRY, AZ",Stream,Arizona,14070006,140700061105,,36.8643333333333,-111.587872222222,87d871b7-b10f-42b6-8cd4-be6fceb0dd34,"Sample - Routine, regular",Water,Surface water,,2019-06-24,11:30:00,MST,,,EDI,,Magnesium,,Filtered field and/or lab,,,,,e849d310-17ec-41d3-880c-011ce71d76fe,21.6,mg/L,,Accepted,,Actual,,,,,,Detection limit by DQCALC,0.011,mg/L,Quantitation limit value of the specified type,PLA11,USDOI/USGS,"Metals, wf, ICP-AES (NWQL)",,2019-07-26,,,,,USGS,,"Inorganics, Major, Metals",,2024-03-25,00925
USGS,U.S. Geological Survey,"['NAWQA - National Water-Quality Assessment', 'ZF00GUMQW']",USGS-09380000,"COLORADO RIVER AT LEES FERRY, AZ",Stream,Arizona,14070006,140700061105,,36.8643333333333,-111.587872222222,45f8f50d-2951-44d6-9713-d64a023d8b06,"Sample - Routine, regular",Water,Surface water,,2021-02-10,13:00:00,MST,,,EDI,,Magnesium,,Filtered field and/or lab,,,,,eb7626f7-feec-478c-9ba3-6a7275cf0b19,21.3,mg/L,,Accepted,,Actual,,,,,,Detection limit by DQCALC,0.01,mg/L,Quantitation limit value of the specified type,PLA11,USDOI/USGS,"Metals, wf, ICP-AES (NWQL)",,2021-03-02,,,,,USGS,,"Inorganics, Major, Metals",,2024-03-25,00925
USGS,U.S. Geological Survey,"['NAWQA - National Water-Quality Assessment', '00GUMQW00']",USGS-09380000,"COLORADO RIVER AT LEES FERRY, AZ",Stream,Arizona,14070006,140700061105,,36.8643333333333,-111.587872222222,90d6884e-8393-4ad1-a786-2a8691869a65,"Sample - Routine, regular",Water,Surface water,,2018-10-02,12:30:00,MST,,,EDI,,Magnesium,,Filtered field and/or lab,,,,,edced8d5-4bdb-401e-b291-c56f2a4b42bd,19.9,mg/L,,Accepted,,Actual,,,,,,Detection limit by DQCALC,0.011,mg/L,Quantitation limit value of the specified type,PLA11,USDOI/USGS,"Metals, wf, ICP-AES (NWQL)",,2018-10-20,,,,,USGS,,"Inorganics, Major, Metals",,2024-03-25,00925
USGS,U.S. Geological Survey,"['NAWQA - National Water-Quality Assessment', '00GUMQW00']",USGS-09380000,"COLORADO RIVER AT LEES FERRY, AZ",Stream,Arizona,14070006,140700061105,,36.8643333333333,-111.587872222222,dfa61a9b-55bb-49ec-b456-990d384aca76,"Sample - Routine, regular",Water,Surface water,,2019-08-12,12:00:00,MST,,,EDI,,Magnesium,,Filtered field and/or lab,,,,,f91770c4-47c5-458b-8489-0bccf2fb72c6,21.4,mg/L,,Accepted,,Actual,,,,,,Detection limit by DQCALC,0.011,mg/L,Quantitation limit value of the specified type,PLA11,USDOI/USGS,"Metals, wf, ICP-AES (NWQL)",,2019-09-20,,,,,USGS,,"Inorganics, Major, Metals",,2024-03-25,00925
USGS,U.S. Geological Survey,"['NAWQA - National Water-Quality Assessment', '32GUMQN00']",USGS-09380000,"COLORADO RIVER AT LEES FERRY, AZ",Stream,Arizona,14070006,140700061105,,36.8643333333333,-111.587872222222,d6fb79b9-039f-49ba-aff7-8b14665834b3,"Sample - Routine, regular",Water,Surface water,,2018-08-27,15:45:00,MST,,,EDI,,Magnesium,,Filtered field and/or lab,,,,,fec10d2c-8c14-4393-ad61-898a11f964a7,20.1,mg/L,,Accepted,,Actual,,,,,,Detection limit by DQCALC,0.011,mg/L,Quantitation limit value of the specified type,PLA11,USDOI/USGS,"Metals, wf, ICP-AES (NWQL)",,2018-09-21,,,,,USGS,,"Inorganics, Major, Metals",,2024-03-25,00925
